,Post,Reactions,Shares,Comments,Type,Upload Time,Shared,Thumbnail Link,keyword,link
0,"Follow
  
Imran Khan Sets Target for PTI's Comeback | Supreme Court Vs Military Courts | Qazi Faez Isa
#ImranKhan 
#PTI 
#Pakistan",3.2K,227 shares,85 comments,video 0:00 / 17:00,  · Follow,True,None,Imran khan,https://www.facebook.com/abdulqadir.ary/videos/893549878792453/?__cft__[0]=AZUZWfAVMOfNNGrDUw_gnrTCwj9PsGL_a86R1wlUz1w-G2v_6pIoAjfC9q5nrmh7urNJY5w0G6zK3L5WlU7tmGbh_0t02eIMQMpSq3vFig2HUSie8XvCgH_IMp2voVzmKbLdQtQDVmdS1v_3LmcJ-YRz_DiOIpG7xK_Aj74mvM4kJp8O-JcHgOIpbD5JiCvz6Wo&__tn__=%2B%3FFH-R
1,"لَّا اِلٰهَ اِلاَّ اللّٰه° 
Unwavering, unflinching and absolute faith in Allah is my key, what's yours?",138K,4.6K shares,15K comments,photo,  ·,False,https://scontent.fisb1-2.fna.fbcdn.net/v/t39.30808-6/347115703_795266478620974_3902413028026326133_n.jpg?stp=dst-jpg_p526x296&_nc_cat=110&ccb=1-7&_nc_sid=dd5e9f&_nc_ohc=1QrrcRPOMNEAX-jFfOS&_nc_ht=scontent.fisb1-2.fna&oh=00_AfD6naokILUIK18R4DsvCIQCMGbqyhkWS7YUVo9ji3o58g&oe=6580147D,Imran khan,https://www.facebook.com/photo/?fbid=832354348254548&set=a.437212874435366&__cft__[0]=AZWW4bfagY1Yt_G6Rz93BHsov79r8E3zFFceXAwGlgcD1AjKz-AK9fjfxZM3gGFd5yuNv6OljQ8pPQRtMz_6fwidVhfRKbWEOKz6DPrqVxiyBHK4yDxJm6S7jHvleTpvOEp5hx19uS6LnqmibOz0X8LvyyxPimCxPIyTFcZd_eC0-n7eTzt9VXJK23KxI9lCfg4&__tn__=EH-R
2,"Imran Khan, Shah Mehmood Qureshi Indicted again | Cipher Case 
Follow our WhatsApp channel for more 
 :
https://whatsapp.com/channel/0029Va8EglPLCoX1JQRteR1x   … See more",813,35 shares,51 comments,video 0:00 / 2:01,  ·,False,None,Imran khan,https://www.facebook.com/samaatvnews/videos/1385707049041705/?__cft__[0]=AZWAhQxeOi7jgYfJW_WhG-af55O4HWWY6L2YzQoe7yZcPn1OtyIu3bU6-4LGwYuFGQAKYNelsyrdgN8Ur9HvSjBGk0NOvHENzpy_zcXVo_sIb9cfENjnTMyAxn7DsNoqCxe3mj36UgLnpLbXjglzNQezH8GljFUVbidKtbZ-CmnXETqO8693N32kX5Ll-xT7SYA&__tn__=%2B%3FFH-R
3,"Follow
  
Iffat Omar speaks out against our authorities' decision to exclude Imran Khan from the upcoming elections, urging all political parties to boycott such ""absurd and disgusting"" acts. #ImranKhan #IffatOmar",240,6 shares,86 comments,photo,  · Follow,True,https://scontent.fisb1-2.fna.fbcdn.net/v/t39.30808-6/409699929_894572192321067_3493120637461397875_n.jpg?stp=dst-jpg_p526x296&_nc_cat=100&ccb=1-7&_nc_sid=3635dc&_nc_ohc=GeWr29fonxEAX8jmAGw&_nc_ht=scontent.fisb1-2.fna&oh=00_AfBGG0uNFKQ0-Q8qhO0jqTE218WoQmXbjudAr_XhIk0zag&oe=657F4251,Imran khan,https://www.facebook.com/photo/?fbid=894572195654400&set=a.363992285379063&__cft__[0]=AZXPe-tbRSstadmP-YRPc2HTkP80iNnW1f3m6GhKPKcsZvFbVw-mDRCTdMTuvuYch36w_rv4Q_SOMxGU7wXAdPGQA0Ui4P2VYGR_6poZIX35mQnI1ARYt6uxc7BupQJrlN0EASEj-6ANWjr3r5WEf7IzL_OgxxIkNocl_9eF9tkS_8C74xkUm-B9-eiyl1Ke9oc&__tn__=EH-R
4,Calm amidst chaos!,155K,5.6K shares,17K comments,photo,  ·,False,https://scontent.fisb1-2.fna.fbcdn.net/v/t39.30808-6/350120549_2453715571454085_6935517925002177173_n.jpg?stp=dst-jpg_s600x600&_nc_cat=101&ccb=1-7&_nc_sid=dd5e9f&_nc_ohc=CZ7OgTBnuZEAX-Sc1gQ&_nc_ht=scontent.fisb1-2.fna&oh=00_AfDHl5TuTroON4Z3Ud_C73HxQ5nemh0N3r6swQBAc8Yqlg&oe=657EE7B4,Imran khan,https://www.facebook.com/photo/?fbid=838363840986932&set=pcb.838363864320263&__cft__[0]=AZVwYlAGaGDISt6jAK_M9dexmtpJO85hS1e89sUgZ17EoV-LrOSKgYbIKae-EuIZct66fd-ThuoEd-1okX1pnVwMT0T3oQAeCPWXvH-1fx-7Jr5bFKoLCkgeS_p40gxsWMRdrm0_yOySVFGJCNwrqJHESVj7GnvXE2H7UZ1NHGJxiNyfzfPckHcQZQPjGEsMUBM&__tn__=*bH-R
5,"Follow
  ",91,9 shares,3 comments,video 0:00 / 2:18,  · Follow,True,None,Imran khan,https://www.facebook.com/FarazNewsanchor/videos/197206330050964/?__cft__[0]=AZUwN-LDJN805MrkPRQGGx-fcX0lTyDV_GGFkZDXlK5EqzDe1cgneLCBTqqr8NVCwmdQMJJoyOe9VC5yJKBxxsdiTGAldTBWz0mnum9fjCNcbfYmNDvoXY0Valz0dCsW0AoDeIWftH_lKo3cYGyG9OkCQELGhno1N4lnFIxo2DjKgspa-5EjidfD1-vkMjR5GLQ&__tn__=%2B%3FFH-R
6,Equanimity in the midst of tumult,78K,1.9K shares,6.2K comments,photo,  ·,False,https://scontent.fisb1-2.fna.fbcdn.net/v/t39.30808-6/358470310_863174271839222_7693041676690818053_n.jpg?stp=dst-jpg_s600x600&_nc_cat=103&ccb=1-7&_nc_sid=dd5e9f&_nc_ohc=R7Cm8qdDXREAX8BQ1jD&_nc_ht=scontent.fisb1-2.fna&oh=00_AfA9jbBg_Iyrdc-QyQZuLe0URFzencLEoqJVX3ixF3BmMQ&oe=658022BB,Imran khan,/photo/?fbid=863171895172793&set=pcb.863174151839234&__cft__[0]=AZVQirE5IaayfMu41kUaQTVxq2gfXxHGq2aPrwPf9qRv5TDDKAW5bTdRNRw9DbOZQeMC1Lj8a0dLzsEdJ1SnSLDHHuj_SXjWSKahHmHpzsO5eP2gZ7uW3i6sIZ1-pVysBz7_AS-S5okadygsQDatSWjwW-s2DO5YqBAYKPzLA1J_FidteLRUYqt7GBkOqUHKncc&__tn__=H-R
7,"Follow
  
For 129 days, Imran Khan has been unjustly imprisoned, deprived of his fundamental rights. How long will we remain silent and let the powerful manipulate our institutions, disregarding the constitution?
#نظام_بدلو_پاکستان_بدلو",52,9 shares,4 comments,photo,  · Follow,True,https://scontent.fisb1-2.fna.fbcdn.net/v/t39.30808-6/410084316_907622954060466_3083128279496840957_n.jpg?stp=dst-jpg_p526x296&_nc_cat=100&ccb=1-7&_nc_sid=dd5e9f&_nc_ohc=o2g9o2nujx0AX9ruWns&_nc_ht=scontent.fisb1-2.fna&oh=00_AfAzwY6L7qfJG6jRFm_omjVBX8AxmtGKw2x1_oDo6BYKHw&oe=657EF8C4,Imran khan,https://www.facebook.com/photo/?fbid=907622910727137&set=a.473894157433350&__cft__[0]=AZUstUMdsXjU55-BBD_JfpbmtciTiyJkWpGHhb-FwYAEvELW27UfjMIrih2ytaAv7Tt_IempCZtQ2mCLZqDZ7SGc8TCzifdV_3Nlrg1tNzshkFB_icl0mj5DYfRAZJCWl1-27gPvzWzcoZeA_z5ZKyKyy741L7Zrv3926Ts_KA1lrzI5ZYtohc3E9XL8Ks5s3v8&__tn__=EH-R
8,"100 days of illegal incarceration of Pakistan’s most popular leader.
From being shot in an assassination attempt to his house being attacked, vandalized, tear gassed & now illegally incarcerated in a small cell while being denied access to justice, Imran Khan has stood on his principles and remained true to every word and claim of his.
History will remember him for standing on the right side when it mattered, along with 10,000+ other prisoners of conscience, and those who s… See more",60K,5.5K shares,2.8K comments,video 0:03 / 0:53,  ·,False,None,Imran khan,https://www.facebook.com/ImranKhanOfficial/videos/1412395376286696/?__cft__[0]=AZVVANXRRFN94zWVvpNu2ASqOg2mF2Q6gp0_6_kZ4MQgpHr1uOLPbgosFmhvuQTzg1CAcLfCvdBkXnW9d83-PLjsPJsHRSplSPT6CJSARHyc_iGxPNsccrsOnQITLv8fmyCk6dazS7AWuU4KneeoqDvDQZIcbv-_L2fLdiWCdH-EUkWQYh3e73-K1YgBA9wxKWA&__tn__=%2B%3FFH-R
9,#ظلم_کا_بدلہ_ووٹ_سے,32K,2.3K shares,1.5K comments,video 0:03 / 0:39,  ·,False,None,Imran khan,https://www.facebook.com/ImranKhanOfficial/videos/1038183217268719/?__cft__[0]=AZV7vQzdDV3XNchaxBPsJaCofp2MRjEuDqGhlYsbLAbF_w4fGKMlZp87IDY71BnM8EzxSUsReD2ereH2pNQWbSk93gm2N1_dkUyQJhEoFFx-pEGKeOrahx-LclHK2fMxuTbLL0ffaAq3RjP-B6R_JJqCa-GJWUW5TNegG5jhmOrY0-b3zIRGMv29RCY_1B-wpaE&__tn__=%2B%3FFH-R
10,Grace is navigating storms with composure!,64K,1K shares,3.2K comments,photo,  ·,False,https://scontent.fisb1-2.fna.fbcdn.net/v/t39.30808-6/363413024_877126263777356_4079260253944966134_n.jpg?stp=dst-jpg_s600x600&_nc_cat=100&ccb=1-7&_nc_sid=dd5e9f&_nc_ohc=TaEcbt4gbukAX9-G-1C&_nc_ht=scontent.fisb1-2.fna&oh=00_AfBUsI2c-a__4E69aMi49qc_adPODRK5A0MmPfez1f9Euw&oe=657ED4EE,Imran khan,https://www.facebook.com/photo/?fbid=877124630444186&set=pcb.877126200444029&__cft__[0]=AZWJO75_sGdpcHeCU6qFSZriK6noZOyFs46ryCFfZf6cruc2nq-X6htJXkgqhfPk0iDyySAv-1EoUKorQodNRlvPsxPpvvP63uDloydBaSktqdIfa5jNMvt_us9Dh80qXBn3Tcd1GEueWH2K-_qJ_xEwXRHY-01sPzK29Ya_694wI7zMhT4cNGIhVFzgiCX835c&__tn__=*bH-R
11,"إِنَّا لِلّهِ وَإِنَّـا إِلَيْهِ رَاجِعونَ°
Shocked at the brutal murder of Arshad Sharif who paid the ultimate price for speaking the truth - his life. He had to leave the country and be in hiding abroad but he continued to speak the truth on social media, exposing the powerful. Today the entire nation mourns his death. A proper judicial investigation must be instituted to examine his own statements plus evidence that other sources have. We have descended into a state of br… See more",285K,23K shares,40K comments,photo,  ·,False,https://scontent.fisb1-2.fna.fbcdn.net/v/t39.30808-6/311338856_691215519035099_338673427530518510_n.jpg?_nc_cat=100&ccb=1-7&_nc_sid=dd5e9f&_nc_ohc=jvKs1IZmikAAX9GWgTZ&_nc_ht=scontent.fisb1-2.fna&oh=00_AfCCa6r_6ARObzu9N_37AXaKKi4VRRSyC7XO4o_nRJqphA&oe=657FD2AC,Imran khan,https://www.facebook.com/photo/?fbid=691215525701765&set=a.437212874435366&__cft__[0]=AZW9W999ZJ122QnEUh55EFVIhS6r6oXCJ1oIZydutcTfP8zFoM0yBTzoQvRRpVI-TpZV5C1lnpr0fc89nqhOaOiw58MJsXyMBhUyqwS6HkRBw2L49mPj119wPt5CgkjBonlhhEBWXHcTavKPz5qqzPKgTFUgH9NjtSXSDuZV5NIwo9jiVB3Pv6V2qZRHD6qm8Ig&__tn__=EH-R
12,"Follow
  
For­mer prime minister Imran Khan on Saturday moved the Lahore High Court (LHC), against his jail trial in a contempt case by the Election Commission of Pakistan (ECP).
A petition filed on behalf of Mr Khan contended that the ECP had, on Nov 30, passed the order to conduct the trial at Adiala Jail on account of unspecified security concerns.
It pleaded that the ECP had failed to appreciate that a jail trial will violate several fundamental rights of the petitioner, adding t… See more",118,1 share,7 comments,photo,  · Follow,True,https://scontent.fisb1-2.fna.fbcdn.net/v/t39.30808-6/408828947_754053596766281_4472560381098215253_n.jpg?stp=dst-jpg_p526x296&_nc_cat=110&ccb=1-7&_nc_sid=3635dc&_nc_ohc=QUnReuwYGHwAX-DCWa2&_nc_ht=scontent.fisb1-2.fna&oh=00_AfB92Kos4E1ZUUw0TcEBjncUm6jpTtMx48h9-1zhcPi60A&oe=65803CD7,Imran khan,https://www.facebook.com/photo/?fbid=754053603432947&set=a.647511324087176&__cft__[0]=AZUVoBfujhlhE-k3MhFuLkdL-OcC_SSSUkZk-hrkkpop0D91Jv1pLPZn3wylkMUAwgPYYcAgoZMBugcB6hFn1d-KftZokO4Uf9gH6DfLV_XqAHZciJEs7u8D4DCQ-YsW5qKSKcyB4kvadlKUMK9XFsbJWNlIY1YyIPzdYsQuR_MmMUjumvXPhZhPRuJqbGzR8to&__tn__=EH-R
13,,168K,2.3K shares,15K comments,photo,  ·,False,https://scontent.fisb1-2.fna.fbcdn.net/v/t39.30808-6/356198732_868714131285236_5329177767146059894_n.jpg?stp=dst-jpg_p526x296&_nc_cat=111&ccb=1-7&_nc_sid=3635dc&_nc_ohc=0N71QGIr5eYAX-OEogB&_nc_ht=scontent.fisb1-2.fna&oh=00_AfDVVGKreb8fu9oW-rcArywxFh7RIIfaNtYCN6szeRWopw&oe=657F4400,Imran khan,https://www.facebook.com/photo/?fbid=868714134618569&set=a.437212877768699&__cft__[0]=AZU4NgwMTyow8mwV2QhR1MDZxccTWY-tPH7dNtUCw9fwRUi4pOg7nNJQ3HL3b3odgM0DdDRJs8lZmyuFOw220GYUDRSK3FyDnEgNvlX3k6UIsuHvX5Xm7585OxBygWY1pFq9nt1UsHtdvUsuNlysOoDaeZAsT-xab3Qs49iPV23Gp13WrUffDO7tJ2huWro0EmY&__tn__=EH-R
14,"Samaa gets the list of all the witnesses against Imran Khan in 190 million pound case
#SamaaTV #News #ImranKhan #PTI #SupremeCourtofPakistan
Will be the first to add the big news.",2.2K,55 shares,70 comments,video 0:00 / 2:33,  ·,False,None,Imran khan,https://www.facebook.com/samaatvnews/videos/1499807124201047/?__cft__[0]=AZX2I74qcWu9gdDa3o5NkgUq1n6d_i_LDWxhJ14yMrlC-7hrtNWU-zgpLfB0QdSot9LrnoOc7VPT4m3BM5wDey44mX8CWCGZY5t_LMC_5dckIegXPkcBbKWI8HddoxAetTeN3awfNPLXRMzcTm_PcQW9Gpi7xfD-Z7N4ny3HCaIXEBWYW5quKi-W-u5Wxo2zGYo&__tn__=%2B%3FFH-R
15,"Lahore
  
‘Tough times don’t last; tough people do!’",75K,1.6K shares,5K comments,photo,  · Lahore,True,https://scontent.fisb1-2.fna.fbcdn.net/v/t39.30808-6/363328191_876551753834807_2092985408374947656_n.jpg?stp=cp6_dst-jpg_s600x600&_nc_cat=111&ccb=1-7&_nc_sid=dd5e9f&_nc_ohc=QNdUD1k-TCsAX-iDLX7&_nc_ht=scontent.fisb1-2.fna&oh=00_AfB5qL_doEuBrJgPNEKW6YvoxWgn5jS-UBEydDyYai3uQA&oe=657F57D9,Imran khan,https://www.facebook.com/photo/?fbid=876550190501630&set=pcb.876551673834815&__cft__[0]=AZU7zJIfE7S9A0RxxRGsk35Wuz05hLGzHMmI3jxvII7iMdJ4K0O6Ys31W2dkLGxCgCc9Mi46wR2tzdGBfuo4usH649Akb7rajyShVnjO8a_g8W_7SSYbSYmq0OgXId9TINedP2O3A4k0W7HCszAmXzqhpl1Kq7pfJGc4VimDOfYx3dhu7oBkO6ORd3v8AgRyFIk&__tn__=*bH-R
16,"The only thing I miss these days is hiking in our northern mountains with my sons.
Allah has blessed Pakistan with the best mountain trekking in the world. Insha'Allah one day we will make Pakistan the skiing capital of the world.",806K,18K shares,72K comments,photo,  ·,False,https://scontent.fisb1-2.fna.fbcdn.net/v/t39.30808-6/347385442_264447086242264_8919380070817614116_n.jpg?stp=dst-jpg_s600x600&_nc_cat=111&ccb=1-7&_nc_sid=dd5e9f&_nc_ohc=OCNa7ObY_pUAX9IzHMF&_nc_ht=scontent.fisb1-2.fna&oh=00_AfC8O_Q-fgZvZvrS1CSrRlHNsXitfug2TiuErU5KMMmT-w&oe=65804D1C,Imran khan,https://www.facebook.com/photo/?fbid=837667037723279&set=a.437212874435366&__cft__[0]=AZWePImfqVbjTIzr7XkMLJ3tWT1ywms_2R1PuFvMq2LTZ6lYXIiCL22p-ElFG-yPDAlnPaez_iKLisN8KgB1Yl5edd7OIvU9jA_akXgwIaMyW_IUROUFWE2zXPFPPD3wwUQw9h7cI-jPFze8QhyQzRq4n6usnQcqgYCJYkvtM8rucxsQqZ8bueshyUS1u7ukXJc&__tn__=EH-R
17,#نظام_بدلو_پاکستان_بدلو,28K,1.7K shares,1.2K comments,video 0:00 / 0:22,  ·,False,None,Imran khan,https://www.facebook.com/ImranKhanOfficial/videos/896700341974396/?__cft__[0]=AZWm5DgjihsjocL1cv35I-J59XnmVmquCRS5ZOFspNERJRB2j0-p3icNGNCzmKTNjCYteCetKf3gfhr0gYAngM0dbDRf5h7j1m-Q2R1ozJtad4gIyDy412SYo2C3JhTokZdAqvYNoTobBpBdOgCtJumFrAgJgiFa0XsQlB4pC_lUPlxe0Pbb-5qlpyNjJkRqIpk&__tn__=%2B%3FFH-R
18,"#PakistanUnderFascism
#ظلم_کا_بدلہ_ووٹ_سے",31K,1.8K shares,1.5K comments,video 0:03 / 1:26,  ·,False,None,Imran khan,https://www.facebook.com/ImranKhanOfficial/videos/712329434185975/?__cft__[0]=AZW2rzmtYeI07vVTat18NrcSh_CJDMUcF8wVQ1tXhJTSFYF4AD2LGwuAmYzQ47vyB_-0FuB8DEMui9Ik2E3S1ZYGeeI2o0YrhvApdz5M9_p-qT1cxx8ns49_sIyqvWWjCtSRtBbqiUx5ORxestFekWikuUlGu-AATSgOaYxIflHobz4Ixupc2svPgGS7YhlZ6lE&__tn__=%2B%3FFH-R
19,"Former Prime Minister of Pakistan Imran Khan's condemnation statement from prison against Israel's war crimes in Gaza and the genocide of the Palestinians.
#GazaGenocide",11K,699 shares,549 comments,photo,  ·,False,https://scontent.fisb1-2.fna.fbcdn.net/v/t39.30808-6/408701684_941546970668618_918205991393190924_n.jpg?stp=dst-jpg_s640x640&_nc_cat=111&ccb=1-7&_nc_sid=dd5e9f&_nc_ohc=bcK9E2qogkIAX9CBxTY&_nc_ht=scontent.fisb1-2.fna&oh=00_AfDtpkk91ULQoE4xKyR86uBK3hzJNLpt6XtP-19D6XWBXg&oe=657FC3F2,Imran khan,https://www.facebook.com/photo/?fbid=941546974001951&set=a.437212874435366&__cft__[0]=AZX74ljZaGk4xIf8nJH6FFTWbx0_hM-L1yfHtZsKDPlDqNnCeHJgKvaIZTCaaEAOQAJ1CKTtrPtHd3a5Wr78gWFJxzhIwt2lTgCrVlBUSXQTuXmzk-A_lyiNU3fR8fB6AvCfesXgofSTIFZxC9X4KIRoxzJdjJ9npVz4k59ybivsUp5lTwhxcd_nPYlHgz-yIDw&__tn__=EH-R
